incident_number,exposure_number,id,address,incident_date,call_number,alarm_dttm,arrival_dttm,close_dttm,city,zipcode,battalion,station_area,box,suppression_units,suppression_personnel,ems_units,ems_personnel,other_units,other_personnel,first_unit_on_scene,estimated_property_loss,estimated_contents_loss,fire_fatalities,fire_injuries,civilian_fatalities,civilian_injuries,number_of_alarms,primary_situation,mutual_aid,action_taken_primary,action_taken_secondary,action_taken_other,detector_alerted_occupants,property_use,area_of_fire_origin,ignition_cause,ignition_factor_primary,ignition_factor_secondary,heat_source,item_first_ignited,human_factors_associated_with_ignition,structure_type,structure_status,floor_of_fire_origin,fire_spread,no_flame_spread,number_of_floors_with_minimum_damage,number_of_floors_with_significant_damage,number_of_floors_with_heavy_damage,number_of_floors_with_extreme_damage,detectors_present,detector_type,detector_operation,detector_effectiveness,detector_failure_reason,automatic_extinguishing_system_present,automatic_extinguishing_sytem_type,automatic_extinguishing_sytem_perfomance,automatic_extinguishing_sytem_failure_reason,number_of_sprinkler_heads_operating,supervisor_district,neighborhood_district,point,data_as_of,data_loaded_at
06005946,0,060059460,1500 - 1514 Innes Av.,2006-01-21T00:00:00.000,060210359,2006-01-21T20:57:46.000,2006-01-21T21:01:52.000,2006-01-21T21:08:30.000,SF,94124,B10,25,,1,4,0,0,0,0,E25,0,0,0,0,0,0,1,"113 - Cooking fire, confined to container",None,86 - Investigate,,,U - Unknown,"400 - Residential, other",,,,,,,,,,,,,,,,,,,,,,,,,,,10,Bayview Hunters Point,POINT (-122.386983 37.738455),2006-01-22T07:12:37.000,2024-04-27T02:16:45.000
06005949,0,060059490,Font Bl. / Gonzalez Dr.,2006-01-21T00:00:00.000,060210363,2006-01-21T21:07:40.000,2006-01-21T21:11:31.000,2006-01-21T21:12:07.000,SF,94122,B08,19,,1,4,0,0,0,0,E19,0,0,0,0,0,0,1,"711 - Municipal alarm system, Street Box False",None,86 - Investigate,,,,"962 - Residential street, road or residential dr",,,,,,,,,,,,,,,,,,,,,,,,,,,7,Lakeshore,POINT (-122.475918 37.716788),2006-02-01T16:45:58.000,2024-04-27T02:16:45.000
06005955,0,060059550,1390 Market St.,2006-01-21T00:00:00.000,060210369,2006-01-21T21:14:27.000,2006-01-21T21:16:50.000,2006-01-21T21:19:35.000,SF,94102,B02,36,,1,4,0,0,0,0,E36,0,0,0,0,0,0,1,"118 - Trash or rubbish fire, contained",None,11 - Extinguish,,,U - Unknown,"900 - Outside or special property, other",,,,,,,,,,,,,,,,,,,,,,,,,,,6,Tenderloin,POINT (-122.417361 37.777224),2006-01-21T23:20:18.000,2024-04-27T02:16:45.000
06005957,0,060059570,Brady St. / Colton St.,2006-01-21T00:00:00.000,060210372,2006-01-21T21:39:17.000,2006-01-21T21:41:44.000,2006-01-21T21:42:30.000,SF,94102,B02,36,,1,4,0,0,0,0,E36,0,0,0,0,0,0,1,"711 - Municipal alarm system, Street Box False",None,86 - Investigate,,,,"960 - Street, other",,,,,,,,,,,,,,,,,,,,,,,,,,,6,Mission,POINT (-122.420404 37.772872),2006-02-21T11:45:16.000,2024-04-27T02:16:45.000
06005967,0,060059670,424 Cole St.,2006-01-21T00:00:00.000,060210385,2006-01-21T22:51:09.000,2006-01-21T22:52:58.000,2006-01-21T23:13:43.000,SF,94117,B05,12,,9,37,1,2,0,0,T12,0,0,0,0,0,0,1,"651 - Smoke scare, odor of smoke",None,86 - Investigate,,,,429 - Multifamily dwellings,,,,,,,,,,,,,,,,,,,,,,,,,,,5,Haight Ashbury,POINT (-122.45021849 37.77109397),2006-01-22T00:18:49.000,2024-04-27T02:16:45.000
06005969,0,060059690,1751 Market St.,2006-01-21T00:00:00.000,060210387,2006-01-21T22:52:46.000,2006-01-21T22:58:08.000,2006-01-21T23:14:38.000,SF,94102,B02,36,,3,10,0,0,0,0,E36,0,0,0,0,0,0,1,"730 - System malfunction, other",None,86 - Investigate,,,,429 - Multifamily dwellings,,,,,,,,,,,,,,,,,,,,,,,,,,,6,Mission,POINT (-122.42273 37.772316),2006-01-22T07:24:36.000,2024-04-27T02:16:45.000
06005973,0,060059730,Francisco St. / Van Ness Av.,2006-01-21T00:00:00.000,060210391,2006-01-21T23:11:55.000,2006-01-21T23:15:50.000,2006-01-21T23:16:44.000,SF,94123,B04,16,,2,9,0,0,0,0,E16,0,0,0,0,0,0,1,"711 - Municipal alarm system, Street Box False",None,86 - Investigate,,,,"962 - Residential street, road or residential dr",,,,,,,,,,,,,,,,,,,,,,,,,,,2,Marina,POINT (-122.424924 37.803204),2006-01-22T07:45:49.000,2024-04-27T02:16:45.000
06005987,0,060059870,600 - Blk 12th Av.,2006-01-22T00:00:00.000,060220009,2006-01-22T00:45:48.000,2006-01-22T00:49:11.000,2006-01-22T00:57:01.000,SF,94118,B07,31,,1,4,0,0,0,0,E31,0,0,0,0,0,0,1,"651 - Smoke scare, odor of smoke",None,86 - Investigate,,,2 - Detector did not alert occupants,"960 - Street, other",,,,,,,,,,,,,,,,,,,,,,,,,,,1,Inner Richmond,POINT (-122.471432 37.77683766),2006-01-22T01:01:41.000,2024-04-27T02:16:45.000
06005989,0,060059890,1385 Mission St.,2006-01-22T00:00:00.000,060220011,2006-01-22T00:50:37.000,2006-01-22T00:53:28.000,2006-01-22T00:57:53.000,SF,94117,B02,36,,1,4,0,0,0,0,E36,0,0,0,0,0,0,1,511 - Lock-out,None,52 - Forcible entry,,,,429 - Multifamily dwellings,,,,,,,,,,,,,,,,,,,,,,,,,,,6,South of Market,POINT (-122.41536751 37.77536775),2006-01-22T04:00:32.000,2024-04-27T02:16:45.000
06005990,0,060059900,19th St. / Bryant St.,2006-01-22T00:00:00.000,060220012,2006-01-22T00:53:00.000,2006-01-22T00:55:25.000,2006-01-22T01:53:59.000,SF,94110,B02,07,,4,14,3,5,0,0,M07,0,0,0,0,0,0,1,"311 - Medical assist, assist EMS crew",None,"30 - Emergency medical services, other",,,,"962 - Residential street, road or residential dr",,,,,,,,,,,,,,,,,,,,,,,,,,,9,Mission,POINT (-122.409997 37.760486),2006-01-22T06:57:19.000,2024-04-27T02:16:45.000
06005994,0,060059940,10th St. / Folsom St.,2006-01-22T00:00:00.000,060220017,2006-01-22T01:01:31.000,2006-01-22T01:02:11.000,2006-01-22T01:03:24.000,SF,94103,B02,36,,2,9,0,0,0,0,E36,0,0,0,0,0,0,1,"711 - Municipal alarm system, Street Box False",None,86 - Investigate,,,,"960 - Street, other",,,,,,,,,,,,,,,,,,,,,,,,,,,6,South of Market,POINT (-122.412826 37.772812),2006-01-22T04:08:21.000,2024-04-27T02:16:45.000
06005998,0,060059980,7th St. / King St.,2006-01-22T00:00:00.000,060220022,2006-01-22T01:26:43.000,2006-01-22T01:31:48.000,2006-01-22T03:03:08.000,SF,94103,B03,08,,2,6,0,0,0,0,T08,0,0,0,0,0,0,1,"520 - Water problem, other",None,86 - Investigate,,,,"962 - Residential street, road or residential dr",,,,,,,,,,,,,,,,,,,,,,,,,,,6,Mission Bay,POINT (-122.400807 37.771138),2006-01-22T08:11:42.000,2024-04-27T02:16:45.000
06006003,0,060060030,Alemany Bl. / Santa Rosa Av.,2006-01-22T00:00:00.000,060220027,2006-01-22T01:58:58.000,2006-01-22T02:03:29.000,2006-01-22T02:04:36.000,SF,94112,B09,15,,2,9,0,0,0,0,E15,0,0,0,0,0,0,1,"711 - Municipal alarm system, Street Box False",None,86 - Investigate,,,,"960 - Street, other",,,,,,,,,,,,,,,,,,,,,,,,,,,9,Portola,POINT (-122.408171 37.735861),2006-01-22T07:39:12.000,2024-04-27T02:16:45.000
06006008,0,060060080,3rd St. / Market St.,2006-01-22T00:00:00.000,060220033,2006-01-22T02:17:08.000,2006-01-22T02:24:28.000,2006-01-22T03:05:13.000,SF,94103,B01,01,,1,4,0,0,0,0,M13,0,0,0,0,0,0,1,"463 - Vehicle accident, general cleanup",None,"30 - Emergency medical services, other",,,,"960 - Street, other",,,,,,,,,,,,,,,,,,,,,,,,,,,6,Financial District/South Beach,POINT (-122.403434 37.787643),2006-01-22T07:49:11.000,2024-04-27T02:16:45.000
06006009,0,060060090,24th St. / York St.,2006-01-22T00:00:00.000,060220034,2006-01-22T02:18:29.000,2006-01-22T02:22:32.000,2006-01-22T02:25:28.000,SF,94107,B06,09,,1,4,0,0,0,0,E09,0,0,0,0,0,0,1,"711 - Municipal alarm system, Street Box False",None,86 - Investigate,,,,"960 - Street, other",,,,,,,,,,,,,,,,,,,,,,,,,,,9,Mission,POINT (-122.408193 37.752853),2006-02-21T13:40:44.000,2024-04-27T02:16:45.000
06006010,0,060060100,1500 7th Av.,2006-01-22T00:00:00.000,060220035,2006-01-22T02:23:26.000,2006-01-22T02:27:41.000,2006-01-22T02:38:22.000,SF,94122,B08,22,,1,4,0,0,0,0,E22,0,0,0,0,0,0,1,"710 - Malicious, mischievous false call, other",None,86 - Investigate,,,,"000 - Property Use, other",,,,,,,,,,,,,,,,,,,,,,,,,,,7,Inner Sunset,POINT (-122.463822 37.760339),2006-01-22T07:24:29.000,2024-04-27T02:16:45.000
06006013,0,060060130,1860 Hayes St.,2006-01-22T00:00:00.000,060220038,2006-01-22T02:53:52.000,2006-01-22T02:57:49.000,2006-01-22T03:27:31.000,SF,94117,B05,21,,3,1,0,0,0,0,E21,0,0,0,0,0,0,1,735 - Alarm system sounded due to malfunction,None,86 - Investigate,,,,"210 - Schools, non-adult",,,,,,,,,,,,,,,,,,,,,,,,,,,5,Lone Mountain/USF,POINT (-122.447012 37.774299),2006-01-22T03:27:42.000,2024-04-27T02:16:45.000
06006015,0,060060150,1231 Silver Av.,2006-01-22T00:00:00.000,060220041,2006-01-22T03:05:42.000,2006-01-22T03:08:06.000,2006-01-22T03:52:36.000,SF,94112,B10,42,,9,31,2,3,0,0,E42,4000,800,0,0,0,0,1,111 - Building fire,None,11 - Extinguish,12 - Salvage & overhaul,,,419 - 1 or 2 family dwelling,"14 - Common room, den, family/living room",2 - Unintentional,12 - Heat source too close to combustibles,"10 - Misuse of material or product, other",66 - Candle,34 - Wearing apparel not on a person,1 - Asleep,1 -Enclosed building,2 -In normal use,1,"30 -Soft goods, wearing apparel, other",2,1,0,0,0,N -Not present,,,,,N -None Present,,,,0,9,Portola,POINT (-122.4104544 37.73089761),2006-01-22T07:10:06.000,2024-04-27T02:16:45.000
06006016,0,060060160,1650 3rd St.,2006-01-22T00:00:00.000,060220042,2006-01-22T03:13:00.000,2006-01-22T03:18:12.000,2006-01-22T03:29:15.000,SF,94103,B03,29,,1,4,0,0,0,0,E29,0,0,0,0,0,0,1,"743 - Smoke detector, no fire, accidental",None,86 - Investigate,,,,965 - Vehicle parking area,,,,,,,,,,,,,,,,,,,,,,,,,,,6,Mission Bay,POINT (-122.389326 37.76834),2006-01-22T07:59:58.000,2024-04-27T02:16:45.000
06006026,0,060060260,2266 California St.,2006-01-22T00:00:00.000,060220068,2006-01-22T04:39:07.000,2006-01-22T04:42:08.000,2006-01-22T05:16:29.000,SF,94115,B04,38,,3,10,0,0,0,0,E38,0,0,0,0,0,0,1,"730 - System malfunction, other",None,86 - Investigate,,,,131 - Church/mosque/synagogue/temple/chapel,,,,,,,,,,,,,,,,,,,,,,,,,,,2,Pacific Heights,POINT (-122.431644 37.789254),2006-01-22T07:26:40.000,2024-04-27T02:16:45.000
06006029,0,060060290,360 Laguna Honda Bl.,2006-01-22T00:00:00.000,060220073,2006-01-22T05:01:54.000,2006-01-22T05:08:50.000,2006-01-22T06:49:06.000,SF,94127,B08,20,,11,36,2,3,0,0,RC3,0,0,0,0,0,0,1,"900 - Special type of incident, other",None,"00 - Action taken, other",,,,173 - Bus station,,,,,,,,,,,,,,,,,,,,,,,,,,,7,West of Twin Peaks,POINT (-122.458802 37.747952),2006-01-22T07:07:51.000,2024-04-27T02:16:45.000
06006030,0,060060300,899 Ulloa St.,2006-01-22T00:00:00.000,060220074,2006-01-22T05:04:12.000,2006-01-22T05:10:06.000,2006-01-22T06:56:23.000,SF,94127,B08,39,,5,16,0,0,0,0,E40,0,0,0,0,0,0,1,"900 - Special type of incident, other",None,"60 - Systems and services, other",,,,952 - Railroad yard,,,,,,,,,,,,,,,,,,,,,,,,,,,7,West of Twin Peaks,POINT (-122.46648 37.740285),2006-02-21T11:40:25.000,2024-04-27T02:16:45.000
06006031,0,060060310,131 Lenox Wy.,2006-01-22T00:00:00.000,060220075,2006-01-22T05:06:36.000,2006-01-22T05:10:25.000,2006-01-22T05:58:30.000,SF,94127,B08,39,,1,1,0,0,0,0,B08,0,0,0,0,0,0,1,"900 - Special type of incident, other",None,81 - Incident command,,,,"000 - Property Use, other",,,,,,,,,,,,,,,,,,,,,,,,,,,7,West of Twin Peaks,POINT (-122.465244 37.741604),2006-02-03T19:59:21.000,2024-04-27T02:16:45.000
06006037,0,060060370,1580 Mission St.,2006-01-22T00:00:00.000,060220082,2006-01-22T06:42:11.000,2006-01-22T06:47:03.000,2006-01-22T06:59:09.000,SF,94102,B02,36,,3,11,0,0,0,0,E06,0,0,0,0,0,0,1,735 - Alarm system sounded due to malfunction,None,86 - Investigate,,,,"529 - Textile, wearing apparel sales",,,,,,,,,,,,,,,,,,,,,,,,,,,6,Mission,POINT (-122.418461 37.773287),2006-01-22T07:33:38.000,2024-04-27T02:16:45.000
06006038,0,060060380,Bayshore Bl. / Leland Av.,2006-01-22T00:00:00.000,060220083,2006-01-22T06:56:55.000,2006-01-22T07:01:34.000,2006-01-22T07:13:53.000,SF,94134,B10,44,,1,4,0,0,0,0,E44,0,0,0,0,0,0,1,522 - Water or steam leak,None,86 - Investigate,,,,"960 - Street, other",,,,,,,,,,,,,,,,,,,,,,,,,,,10,Visitacion Valley,POINT (-122.403651 37.71119),2006-01-22T07:17:27.000,2024-04-27T02:16:45.000
06006039,0,060060390,Grant Av. / Market St.,2006-01-22T00:00:00.000,060220085,2006-01-22T07:17:41.000,2006-01-22T07:29:02.000,2006-01-22T07:29:02.000,SF,94105,B01,01,,1,4,0,0,0,0,,0,0,0,0,0,0,1,"400 - Hazardous condition, other",None,48 - Remove hazardous materials,,,,"960 - Street, other",,,,,,,,,,,,,,,,,,,,,,,,,,,6,Financial District/South Beach,POINT (-122.404588 37.786732),2006-01-28T21:14:27.000,2024-04-27T02:16:45.000
06006049,0,060060490,Mission St. / New Montgomery St.,2006-01-22T00:00:00.000,060220096,2006-01-22T08:09:25.000,2006-01-22T08:12:35.000,2006-01-22T08:29:35.000,SF,94111,B03,01,,1,4,0,0,0,0,E01,0,0,0,0,0,0,1,"500 - Service Call, other",None,"00 - Action taken, other",,,,"960 - Street, other",,,,,,,,,,,,,,,,,,,,,,,,,,,6,Financial District/South Beach,POINT (-122.400504 37.787451),2006-01-22T09:47:34.000,2024-04-27T02:16:45.000
06006052,0,060060520,2360 San Bruno Av.,2006-01-22T00:00:00.000,060220099,2006-01-22T08:35:41.000,2006-01-22T08:37:56.000,2006-01-22T10:03:24.000,SF,94124,B10,42,,4,10,0,0,0,0,E42,0,0,0,0,0,0,1,"400 - Hazardous condition, other",None,86 - Investigate,,,,549 - Specialty shop,,,,,,,,,,,,,,,,,,,,,,,,,,,9,Portola,POINT (-122.4051653 37.732609),2006-01-22T11:24:19.000,2024-04-27T02:16:45.000
06006053,0,060060530,141 Farragut Av.,2006-01-22T00:00:00.000,060220101,2006-01-22T08:36:19.000,2006-01-22T08:39:28.000,2006-01-22T08:55:15.000,SF,94112,B09,33,,8,30,0,0,0,0,E33,0,0,0,0,0,0,1,"500 - Service Call, other",None,86 - Investigate,,,,419 - 1 or 2 family dwelling,,,,,,,,,,,,,,,,,,,,,,,,,,,11,Outer Mission,POINT (-122.4519224 37.71210847),2006-01-22T13:59:39.000,2024-04-27T02:16:45.000
06006055,0,060060550,1257 10th Av.,2006-01-22T00:00:00.000,060220106,2006-01-22T08:59:37.000,2006-01-22T09:04:46.000,2006-01-22T09:07:38.000,SF,94122,B08,22,,1,4,0,0,0,0,E12,0,0,0,0,0,0,1,"150 - Outside rubbish fire, other",None,86 - Investigate,,,,"962 - Residential street, road or residential dr",,,,,,,,,,,,,,,,,,,,,,,,,,,7,Inner Sunset,POINT (-122.467527 37.764804),2006-02-08T13:52:35.000,2024-04-27T02:16:45.000
06006058,0,060060580,69 Lapidge St.,2006-01-22T00:00:00.000,060220110,2006-01-22T09:04:46.000,2006-01-22T09:07:12.000,2006-01-22T09:19:16.000,SF,94110,B02,07,,1,4,0,0,0,0,E07,0,0,0,0,0,0,1,745 - Alarm system sounded/no fire-accidental,None,86 - Investigate,,,,"400 - Residential, other",,,,,,,,,,,,,,,,,,,,,,,,,,,9,Mission,POINT (-122.4221023 37.76059609),2006-01-22T11:13:02.000,2024-04-27T02:16:45.000
06006069,0,060060690,Great Hy. / Sloat Bl.,2006-01-22T00:00:00.000,060220128,2006-01-22T10:04:17.000,2006-01-22T10:09:40.000,2006-01-22T11:36:00.000,SF,94132,B08,19,,2,5,2,3,0,0,E19,0,0,0,0,0,0,1,"311 - Medical assist, assist EMS crew",None,"30 - Emergency medical services, other",,,,937 - Beach,,,,,,,,,,,,,,,,,,,,,,,,,,,7,Sunset/Parkside,POINT (-122.506123 37.735476),2006-01-22T16:30:34.000,2024-04-27T02:16:45.000
06006076,0,060060760,1510 Eddy St.,2006-01-22T00:00:00.000,060220138,2006-01-22T10:31:43.000,2006-01-22T10:34:28.000,2006-01-22T10:41:15.000,SF,94115,B05,05,,3,11,0,0,0,0,T05,0,0,0,0,0,0,1,"113 - Cooking fire, confined to container",None,86 - Investigate,,,1 - Detector alerted occupants,"400 - Residential, other",,,,,,,,,,,,,,,,,,,,,,,,,,,5,Western Addition,POINT (-122.432579 37.781467),2006-01-22T22:36:01.000,2024-04-27T02:16:45.000
06006087,0,060060870,1 101nb 3rd St Of,2006-01-22T00:00:00.000,060220154,2006-01-22T11:21:58.000,2006-01-22T11:28:57.000,2006-01-22T11:29:22.000,SF,94134,B10,44,,1,4,0,0,0,0,E44,0,0,0,0,0,0,1,"900 - Special type of incident, other",None,86 - Investigate,,,,UUU - Undetermined,,,,,,,,,,,,,,,,,,,,,,,,,,,10,Bayview Hunters Point,POINT (-122.397667 37.714914),2006-01-22T21:42:43.000,2024-04-27T02:16:45.000
06006089,0,060060890,600 Duboce Av.,2006-01-22T00:00:00.000,060220156,2006-01-22T11:27:23.000,2006-01-22T11:31:51.000,2006-01-22T11:46:22.000,SF,94114,B05,06,,1,4,0,0,0,0,E06,0,0,0,0,0,0,1,551 - Assist PD or other Govern. Agency,None,86 - Investigate,,,,"960 - Street, other",,,,,,,,,,,,,,,,,,,,,,,,,,,8,Haight Ashbury,POINT (-122.431604041 37.769358815),2006-01-22T16:24:16.000,2024-04-27T02:16:45.000
06006096,0,060060960,1315 Polk St.,2006-01-22T00:00:00.000,060220164,2006-01-22T11:43:57.000,2006-01-22T11:44:47.000,2006-01-22T11:50:29.000,SF,94102,B04,03,,3,12,0,0,0,0,E03,1,1,0,0,0,0,1,"113 - Cooking fire, confined to container",None,86 - Investigate,,,U - Unknown,429 - Multifamily dwellings,"24 - Cooking area, kitchen",2 - Unintentional,11 - Abandoned or discarded materials or p,,13 - Arcing,"76 - Cooking materials, inc. Edible materi",N - None,1 -Enclosed building,4 -Under major renovation,3,,1,1,0,0,0,N -Not present,,,,,N -None Present,,,,0,3,Nob Hill,POINT (-122.42044 37.788921),2006-01-22T15:45:54.000,2024-04-27T02:16:45.000
06006104,0,060061040,1758 32nd Av.,2006-01-22T00:00:00.000,060220172,2006-01-22T12:35:10.000,2006-01-22T12:38:51.000,2006-01-22T12:41:24.000,SF,94122,B08,18,,1,4,0,0,0,0,E18,0,0,0,0,0,0,1,554 - Assist invalid,None,71 - Assist physically disabled,,,,419 - 1 or 2 family dwelling,,,,,,,,,,,,,,,,,,,,,,,,,,,4,Sunset/Parkside,POINT (-122.49037 37.754403),2006-02-02T18:33:12.000,2024-04-27T02:16:45.000
06006109,0,060061090,Sansome St. / Vallejo St.,2006-01-22T00:00:00.000,060220177,2006-01-22T12:57:45.000,2006-01-22T12:59:35.000,2006-01-22T13:54:18.000,SF,94104,B01,13,,2,9,0,0,0,0,E13,0,0,0,0,0,0,1,"711 - Municipal alarm system, Street Box False",None,86 - Investigate,,,,963 - Street or road in commercial area,,,,,,,,,,,,,,,,,,,,,,,,,,,3,North Beach,POINT (-122.402423 37.799383),2006-01-22T15:35:00.000,2024-04-27T02:16:45.000
06006111,0,060061110,3415 22nd St.,2006-01-22T00:00:00.000,060220181,2006-01-22T13:03:37.000,2006-01-22T13:06:54.000,2006-01-22T13:18:56.000,SF,94110,B06,11,,3,10,0,0,0,0,E11,0,0,0,0,0,0,1,745 - Alarm system sounded/no fire-accidental,None,86 - Investigate,,,,429 - Multifamily dwellings,,,,,,,,,,,,,,,,,,,,,,,,,,,8,Mission,POINT (-122.423518 37.755081),2006-01-22T18:50:14.000,2024-04-27T02:16:45.000
06006117,0,060061170,620 Post St.,2006-01-22T00:00:00.000,060220193,2006-01-22T13:26:10.000,2006-01-22T13:28:53.000,2006-01-22T13:37:56.000,SF,94133,B01,03,,3,12,0,0,0,0,E03,0,0,0,0,0,0,1,745 - Alarm system sounded/no fire-accidental,None,86 - Investigate,,,,429 - Multifamily dwellings,,,,,,,,,,,,,,,,,,,,,,,,,,,3,Nob Hill,POINT (-122.412097 37.787891),2006-01-22T15:47:29.000,2024-04-27T02:16:45.000
06006119,0,060061190,2924 Anza St.,2006-01-22T00:00:00.000,060220195,2006-01-22T13:29:48.000,2006-01-22T13:34:15.000,2006-01-22T13:44:43.000,SF,94121,B07,14,,1,4,0,0,0,0,E14,0,0,0,0,0,0,1,"500 - Service Call, other",None,"00 - Action taken, other",,,,"960 - Street, other",,,,,,,,,,,,,,,,,,,,,,,,,,,1,Outer Richmond,POINT (-122.47979164 37.77863173),2006-01-22T16:39:07.000,2024-04-27T02:16:45.000
06006124,0,060061240,915 Columbus Av.,2006-01-22T00:00:00.000,060220203,2006-01-22T13:55:44.000,2006-01-22T13:58:23.000,2006-01-22T14:01:53.000,SF,94133,B01,28,,3,12,0,0,0,0,E28,1,1,0,0,0,0,1,"113 - Cooking fire, confined to container",None,11 - Extinguish,,,U - Unknown,429 - Multifamily dwellings,"24 - Cooking area, kitchen",2 - Unintentional,12 - Heat source too close to combustibles,,"10 - Heat from powered equipment, other","76 - Cooking materials, inc. Edible materi",N - None,1 -Enclosed building,2 -In normal use,2,,1,1,0,0,0,U -Undetermined,,,,,N -None Present,,,,0,3,Russian Hill,POINT (-122.414334 37.802895),2006-01-22T15:50:16.000,2024-04-27T02:16:45.000
06006129,0,060061290,100 Marina Bl.,2006-01-22T00:00:00.000,060220209,2006-01-22T14:15:54.000,2006-01-22T14:19:55.000,2006-01-22T14:20:29.000,SF,94123,B04,16,,1,4,0,0,0,0,T16,0,0,0,0,0,0,1,"500 - Service Call, other",None,86 - Investigate,,,,"960 - Street, other",,,,,,,,,,,,,,,,,,,,,,,,,,,2,Marina,POINT (-122.433813 37.80512),2006-02-01T12:14:40.000,2024-04-27T02:16:45.000
06006130,0,060061300,55 Park St.,2006-01-22T00:00:00.000,060220210,2006-01-22T14:16:26.000,2006-01-22T14:19:53.000,2006-01-22T14:26:14.000,SF,94110,B06,32,,3,10,0,0,0,0,B06,0,0,0,0,0,0,1,745 - Alarm system sounded/no fire-accidental,None,86 - Investigate,,,,429 - Multifamily dwellings,,,,,,,,,,,,,,,,,,,,,,,,,,,8,Bernal Heights,POINT (-122.42493938 37.73690137),2006-01-22T18:52:03.000,2024-04-27T02:16:45.000
06006135,0,060061350,1205 10th Av.,2006-01-22T00:00:00.000,060220217,2006-01-22T14:45:39.000,2006-01-22T14:49:16.000,2006-01-22T14:54:16.000,SF,94122,B08,22,,3,10,0,0,0,0,E22,0,0,0,0,0,0,1,735 - Alarm system sounded due to malfunction,None,63 - Restore fire alarm system,,,,"962 - Residential street, road or residential dr",,,,,,,,,,,,,,,,,,,,,,,,,,,7,Inner Sunset,POINT (-122.4663699 37.76587077),2006-01-22T16:28:14.000,2024-04-27T02:16:45.000
06006137,0,060061370,1550 The Embarcadero Nor,2006-01-22T00:00:00.000,060220219,2006-01-22T14:46:38.000,2006-01-22T14:49:04.000,2006-01-22T14:50:30.000,SF,94133,B01,28,,3,12,0,0,0,0,B01,0,0,0,0,0,0,1,"711 - Municipal alarm system, Street Box False",None,86 - Investigate,,,,"960 - Street, other",,,,,,,,,,,,,,,,,,,,,,,,,,,3,North Beach,POINT (-122.404263 37.805961),2006-01-22T15:51:27.000,2024-04-27T02:16:45.000
06006143,0,060061430,19th St. / Castro St.,2006-01-22T00:00:00.000,060220226,2006-01-22T15:20:38.000,2006-01-22T15:24:51.000,2006-01-22T15:26:53.000,SF,94114,B06,06,,1,4,0,0,0,0,E06,0,0,0,0,0,0,1,"651 - Smoke scare, odor of smoke",None,86 - Investigate,,,,"960 - Street, other",,,,,,,,,,,,,,,,,,,,,,,,,,,8,Castro/Upper Market,POINT (-122.434854 37.759289),2006-01-22T16:22:36.000,2024-04-27T02:16:45.000
06006145,0,060061450,La Salle Av. / Newcomb Av.,2006-01-22T00:00:00.000,060220228,2006-01-22T15:25:11.000,2006-01-22T15:28:20.000,2006-01-22T15:31:40.000,SF,94124,B10,17,,2,9,0,0,0,0,E17,0,0,0,0,0,0,1,"118 - Trash or rubbish fire, contained",None,86 - Investigate,,,U - Unknown,931 - Open land or field,,,,,,,,,,,,,,,,,,,,,,,,,,,10,Bayview Hunters Point,POINT (-122.385006 37.733072),2006-01-22T17:28:20.000,2024-04-27T02:16:45.000
06006154,0,060061540,Franklin St. / Union St.,2006-01-22T00:00:00.000,060220239,2006-01-22T15:53:06.000,2006-01-22T15:57:39.000,2006-01-22T16:18:59.000,SF,94123,B04,16,,1,4,0,0,0,0,M28,0,0,0,0,0,0,1,323 - Auto/Ped. Accident (Veh.),None,31 - Provide first aid & check for injuries,,,,"960 - Street, other",,,,,,,,,,,,,,,,,,,,,,,,,,,2,Marina,POINT (-122.425628 37.798342),2006-01-22T20:44:41.000,2024-04-27T02:16:45.000
06006155,0,060061550,Jamestown Av. / Jennings St.,2006-01-22T00:00:00.000,060220240,2006-01-22T15:54:54.000,2006-01-22T15:58:26.000,2006-01-22T15:58:36.000,SF,94134,B10,44,,2,9,0,0,0,0,E44,0,0,0,0,0,0,1,"711 - Municipal alarm system, Street Box False",None,86 - Investigate,,,,963 - Street or road in commercial area,,,,,,,,,,,,,,,,,,,,,,,,,,,10,Bayview Hunters Point,POINT (-122.395431 37.719558),2006-01-22T21:44:45.000,2024-04-27T02:16:45.000
06006158,0,060061580,Mission St. / Sickles Av.,2006-01-22T00:00:00.000,060220243,2006-01-22T16:00:27.000,2006-01-22T16:03:15.000,2006-01-22T16:03:38.000,SF,94112,B09,33,,2,9,0,0,0,0,E33,0,0,0,0,0,0,1,"711 - Municipal alarm system, Street Box False",None,86 - Investigate,,,,"960 - Street, other",,,,,,,,,,,,,,,,,,,,,,,,,,,11,Excelsior,POINT (-122.452664 37.708805),2006-01-23T07:45:32.000,2024-04-27T02:16:45.000
06006160,0,060061600,Filbert St. / Stockton St.,2006-01-22T00:00:00.000,060220245,2006-01-22T16:04:32.000,2006-01-22T16:04:32.000,2006-01-22T16:07:06.000,SF,94133,B01,28,,1,4,0,0,0,0,E28,0,0,0,0,0,0,1,"510 - Person in distress, other",None,"70 - Assistance, other",,,,"000 - Property Use, other",,,,,,,,,,,,,,,,,,,,,,,,,,,3,North Beach,POINT (-122.409373 37.801369),2006-01-22T16:51:36.000,2024-04-27T02:16:45.000
06006163,0,060061630,747 Howard St.,2006-01-22T00:00:00.000,060220248,2006-01-22T16:18:49.000,2006-01-22T16:20:41.000,2006-01-22T16:37:35.000,SF,94105,B03,01,,3,11,0,0,0,0,E01,0,0,0,0,0,0,1,"700 - False alarm or false call, other",None,86 - Investigate,,,,"122 - Convention center, exhibition hall",,,,,,,,,,,,,,,,,,,,,,,,,,,6,South of Market,POINT (-122.400813 37.783513),2006-01-22T19:04:15.000,2024-04-27T02:16:45.000
06006166,0,060061660,529 Broderick St.,2006-01-22T00:00:00.000,060220251,2006-01-22T16:28:01.000,2006-01-22T16:28:01.000,2006-01-22T16:38:56.000,SF,94117,B05,21,,1,4,0,0,0,0,E21,0,0,0,0,0,0,1,"500 - Service Call, other",None,"70 - Assistance, other",,,,"400 - Residential, other",,,,,,,,,,,,,,,,,,,,,,,,,,,5,Hayes Valley,POINT (-122.43990713 37.77516893),2006-01-22T21:14:14.000,2024-04-27T02:16:45.000
06006167,0,060061670,30th St. / San Jose Av.,2006-01-22T00:00:00.000,060220252,2006-01-22T16:34:35.000,2006-01-22T16:36:59.000,2006-01-22T16:39:32.000,SF,94110,B06,32,,2,9,0,0,0,0,E32,0,0,0,0,0,0,1,"711 - Municipal alarm system, Street Box False",None,86 - Investigate,,,,"960 - Street, other",,,,,,,,,,,,,,,,,,,,,,,,,,,8,Noe Valley,POINT (-122.423287 37.742296),2006-01-22T18:09:11.000,2024-04-27T02:16:45.000